File Path,Function,Input Parameters,Output Parameters,Description 1,Description 2,Description 3,Description 4,Description 5
"/home/sujain/Desktop/dev/matchthecolumn/src/python_examples/nifgen_standard_function/measurement.py","measure","pin_names: Iterable[str];waveform_type: Waveform;frequency: float;amplitude: float;duration: float","return: tuple[()]","Configures and executes a standard function generation on specified `pin_names` using a defined `waveform_type`. The signal characteristics include a `frequency` (Hz), `amplitude` (Vpp), and a `duration` (s) for the test stimulus. Returns an empty tuple upon completion of the signal generation sequence.","This function orchestrates a signal generation task. It applies a `Waveform` of a specific `waveform_type` to the `pin_names` under test. Key parameters like `frequency`, `amplitude`, and `duration` define the stimulus profile for device characterization.","Initiates a waveform output sequence for T&M applications. Takes `pin_names` for channel selection, `waveform_type` to specify the signal shape (e.g., Sine, Square), `frequency` of oscillation, peak-to-peak `amplitude`, and total signal `duration`.","Performs a signal stimulus operation by outputting a standard waveform. The user specifies target `pin_names`, the `waveform_type`, its `frequency` and `amplitude`, and how long the `duration` of the signal should be. The function confirms execution by returning a tuple.","Drives specified `pin_names` with a standard test signal. Parameters include `waveform_type` (e.g., Ramp), `frequency` (in Hertz), `amplitude` (in Volts), and `duration` (in seconds). Primarily used for validating device input stages."
"/home/sujain/Desktop/dev/matchthecolumn/src/python_examples/nifgen_standard_function/measurement.py","_wait_until_done","sessions: Sequence[nifgen.Session];cancellation_event: threading.Event;duration: float","return: None","Monitors active NIFGEN `sessions` for completion or until a `cancellation_event` is triggered. This utility function ensures synchronization within a test sequence, waiting for a specified `duration` before timing out.","Manages the execution flow by pausing until all provided `nifgen.Session` instances in `sessions` have finished their generation tasks. It respects a `cancellation_event` for early termination and has a timeout based on `duration`.","A synchronization primitive for NI-FGEN operations. It blocks execution for a given `duration` or until the `sessions` complete their waveform generation, whichever comes first, or if a `cancellation_event` is set.","This function holds the program execution, effectively polling the status of NI-FGEN `sessions`. It waits for the signal generation to conclude or for a `cancellation_event` signal, bounded by a `duration` to prevent indefinite blocking.","Waits for NI-FGEN `sessions` to complete. The function checks for a `cancellation_event` and operates within a `duration` timeout. Ensures that the waveform generation is done before proceeding with subsequent test steps."
"/home/sujain/Desktop/dev/matchthecolumn/src/python_examples/nifgen_standard_function/measurement.py","main","verbosity: int","return: None","Main entry point for the NIFGEN standard function generation example script, configuring the logging level based on the `verbosity` input.","Executes the primary logic of the NIFGEN waveform generation demonstration. The `verbosity` parameter controls the amount of diagnostic output.","Orchestrates the NIFGEN example, setting up and running a standard function generation. `verbosity` level (integer) adjusts the detail of run-time information logged.","Serves as the top-level function for demonstrating NI-FGEN capabilities. The `verbosity` argument determines the log output verbosity for debugging and monitoring.","Initiates and runs the NIFGEN standard function measurement example. The `verbosity` input dictates the level of detail for console output during execution."
"/home/sujain/Desktop/dev/matchthecolumn/src/python_examples/nidigital_spi/measurement.py","measure","pin_names: Iterable[str];specifications_file_path: str;levels_file_path: str;timing_file_path: str;pattern_file_path: str;load_files: bool","return: tuple;passing_sites: nims.DataType.Int32Array1D;failing_sites: nims.DataType.Int32Array1D","Executes a digital pattern test using NI-Digital Pattern Instrument, specifically for SPI communication, on the specified `pin_names`. It loads instrument settings from `specifications_file_path`, `levels_file_path`, and `timing_file_path`, and the test vectors from `pattern_file_path` if `load_files` is true. Returns a tuple indicating `passing_sites` and `failing_sites`.","This function performs an SPI protocol test on selected `pin_names`. It utilizes configuration files for specifications (`specifications_file_path`), voltage levels (`levels_file_path`), timing sets (`timing_file_path`), and the digital pattern itself (`pattern_file_path`), conditionally loaded via `load_files`. Test results are reported as `passing_sites` and `failing_sites`.","Conducts a digital test sequence targeting `pin_names` for SPI interface validation. The function relies on external files for test parameters: `specifications_file_path` for device specs, `levels_file_path` for voltage thresholds, `timing_file_path` for bus cycle timing, and `pattern_file_path` for the stimulus/response data (if `load_files` is active). Outputs include arrays of `passing_sites` and `failing_sites`.","Initiates a digital pattern burst for SPI communication testing across the given `pin_names`. Test behavior is defined by `specifications_file_path`, `levels_file_path`, `timing_file_path`, and `pattern_file_path`. The `load_files` flag controls the dynamic loading of these configurations. The function returns data on `passing_sites` and `failing_sites`.","Measures digital site pass/fail status for an SPI test. It configures the digital pattern instrument using `pin_names`, `specifications_file_path`, `levels_file_path`, `timing_file_path`, and `pattern_file_path` (when `load_files` is set). The primary outputs are `passing_sites` and `failing_sites`, critical for production test."
"/home/sujain/Desktop/dev/matchthecolumn/src/python_examples/nidigital_spi/measurement.py","_resolve_relative_path","directory_path: pathlib.Path;file_path: str | pathlib.Path","return: pathlib.Path","Utility function to resolve a potentially relative `file_path` against a base `directory_path`. Ensures robust file referencing in test configurations, returning an absolute `pathlib.Path`.","Converts a given `file_path` (which can be a string or a Path object) into an absolute path, using `directory_path` as the reference if the `file_path` is relative. Essential for locating test asset files reliably.","Takes a base `directory_path` and a `file_path` and returns a fully resolved `pathlib.Path`. This is crucial for accessing configuration and pattern files in test and measurement setups where relative paths are common.","Resolves the absolute location of a file. If `file_path` is relative, it's joined with `directory_path` to form an absolute path. If `file_path` is already absolute, it's returned as is. Output is a `pathlib.Path` object.","A helper function for path management in test automation. It combines a `directory_path` with a `file_path` (string or Path) to produce an unambiguous, absolute `pathlib.Path`, preventing file access errors."
"/home/sujain/Desktop/dev/matchthecolumn/src/python_examples/nidigital_spi/measurement.py","main","verbosity: int","return: None","Main entry point for the NI-Digital SPI measurement example. Sets the logging `verbosity` level for diagnostic output during the digital test execution.","Orchestrates the NI-Digital SPI test demonstration. The `verbosity` parameter controls the detail level of runtime information and error messages.","Executes the primary logic of the NI-Digital SPI pattern test example. The integer `verbosity` argument configures the amount of logging information displayed.","Serves as the top-level function to run the SPI communication test using NI-Digital instruments. `verbosity` input adjusts console output detail.","Initiates and manages the NI-Digital SPI test sequence. The `verbosity` level is used to control the output logging detail for the measurement process."
"/home/sujain/Desktop/dev/matchthecolumn/src/python_examples/niscope_acquire_waveform/measurement.py","measure","measurement_pins: Sequence[str];vertical_range: float;vertical_coupling: str;input_impedance: float;min_sample_rate: float;min_record_length: int;trigger_pin: str;trigger_level: float;trigger_slope: str;auto_trigger: bool;trigger_coupling: str;timeout: float","return: tuple[list[float], ...];waveform0: nims.DataType.DoubleArray1D;waveform1: nims.DataType.DoubleArray1D;waveform2: nims.DataType.DoubleArray1D;waveform3: nims.DataType.DoubleArray1D","Acquires waveforms using an NI-SCOPE instrument from specified `measurement_pins`. Configures acquisition parameters like `vertical_range` (V), `vertical_coupling` (AC/DC), `input_impedance` (Ohms), `min_sample_rate` (S/s), and `min_record_length`. Triggering is defined by `trigger_pin`, `trigger_level` (V), `trigger_slope`, `auto_trigger` capability, and `trigger_coupling`. Returns multiple waveform arrays (`waveform0` through `waveform3`) after a `timeout` period.","This function captures analog signals from `measurement_pins` via an oscilloscope. It sets the scope's `vertical_range`, `vertical_coupling` (e.g., 'AC', 'DC', 'GND'), and `input_impedance`. Acquisition settings include `min_sample_rate` and `min_record_length`. Triggering is managed by `trigger_pin`, `trigger_level`, `trigger_slope`, `auto_trigger`, and `trigger_coupling`, with an overall `timeout`. Outputs are the digitized `waveform0` to `waveform3`.","Performs a multi-channel waveform acquisition. The `measurement_pins` define the input channels. Vertical system parameters are `vertical_range`, `vertical_coupling`, and `input_impedance`. Horizontal system settings include `min_sample_rate` and `min_record_length`. Trigger system configuration involves `trigger_pin`, `trigger_level`, `trigger_slope`, `auto_trigger`, and `trigger_coupling`. The operation is bounded by a `timeout` and returns captured `waveform0`-`waveform3`.","Initiates data acquisition on an NI-SCOPE for the given `measurement_pins`. The function configures channel characteristics (`vertical_range`, `vertical_coupling`, `input_impedance`), sampling parameters (`min_sample_rate`, `min_record_length`), and trigger conditions (`trigger_pin`, `trigger_level`, `trigger_slope`, `auto_trigger`, `trigger_coupling`). Waveforms (`waveform0`...`waveform3`) are returned upon successful acquisition or `timeout`.","Captures time-domain voltage signals from `measurement_pins`. User-defined settings include `vertical_range`, `vertical_coupling`, `input_impedance`, `min_sample_rate`, `min_record_length`, `trigger_pin`, `trigger_level`, `trigger_slope`, `auto_trigger`, `trigger_coupling`, and a `timeout`. The function provides raw waveform data as `waveform0` to `waveform3` for further signal processing or analysis."
"/home/sujain/Desktop/dev/matchthecolumn/src/python_examples/niscope_acquire_waveform/measurement.py","_wait_until_done","session: niscope.Session;cancellation_event: threading.Event;timeout: float","return: None","Monitors an active NI-SCOPE `session` for acquisition completion or until a `cancellation_event` is signaled. This utility ensures the measurement sequence waits appropriately, respecting the specified `timeout`.","Manages the execution flow by pausing until the provided `niscope.Session` has finished its data acquisition task. It also listens for a `cancellation_event` for early termination and operates within a `timeout` limit.","A synchronization helper for NI-SCOPE operations. It blocks execution for up to `timeout` seconds or until the acquisition `session` completes or a `cancellation_event` is set, ensuring data is ready.","This function holds program execution, effectively waiting for the NI-SCOPE `session` to complete its waveform capture. It checks for a `cancellation_event` and is bounded by a `timeout` to prevent indefinite waits in the test sequence.","Waits for an NI-SCOPE `session` to finish acquiring data. The function uses a `cancellation_event` for interruptibility and a `timeout` to define the maximum wait period. Critical for synchronizing multi-instrument test steps."
"/home/sujain/Desktop/dev/matchthecolumn/src/python_examples/niscope_acquire_waveform/measurement.py","main","verbosity: int","return: None","Main entry point for the NI-SCOPE waveform acquisition example. The `verbosity` level controls the amount of diagnostic information logged during execution.","Orchestrates the NI-SCOPE data acquisition demonstration. `verbosity` parameter influences the detail of runtime messages and error reporting for the scope operation.","Executes the primary logic for acquiring and displaying waveforms using NI-SCOPE. The integer `verbosity` argument adjusts the logging output detail.","Top-level function to run the NI-SCOPE waveform capture example. The `verbosity` input dictates the console output detail for monitoring the acquisition process.","Initiates and manages the NI-SCOPE measurement sequence demonstration. `verbosity` is used to set the desired level of logging for the test."
"/home/sujain/Desktop/dev/matchthecolumn/src/python_examples/sample_measurement/measurement.py","measure","float_input: float;double_array_input: Iterable[float];bool_input: bool;string_input: str;enum_input: Color;protobuf_enum_input: color_pb2.ProtobufColor.ValueType;string_array_in: Iterable[str]","return: tuple[float, Iterable[float], bool, str, Color, color_pb2.ProtobufColor.ValueType, Iterable[str], array_pb2.Double2DArray, array_pb2.Double2DArray, array_pb2.String2DArray, array_pb2.String2DArray];Float out: nims.DataType.Float;Double Array out: nims.DataType.DoubleArray1D;Bool out: nims.DataType.Boolean;String out: nims.DataType.String;Enum out: nims.DataType.Enum;Protobuf Enum out: nims.DataType.Enum;String Array out: nims.DataType.StringArray1D;Double 2D Array Out: nims.DataType.Double2DArray;Converted Double 2D Array: nims.DataType.Double2DArray;String 2D Array Out: nims.DataType.String2DArray;Converted String 2D Array: nims.DataType.String2DArray","A sample measurement function demonstrating various data type handling. It takes a `float_input`, `double_array_input`, `bool_input`, `string_input`, an `enum_input` of type `Color`, a `protobuf_enum_input`, and a `string_array_in`. It returns these inputs along with generated 2D arrays (`Double 2D Array Out`, `Converted Double 2D Array`, `String 2D Array Out`, `Converted String 2D Array`) for data marshalling and type system validation.","This function serves as a comprehensive data type test case. It processes `float_input`, `double_array_input`, `bool_input`, `string_input`, `enum_input` (`Color`), `protobuf_enum_input`, and `string_array_in`. The outputs include direct pass-through of inputs and several structured array types like `Double 2D Array Out` and `String 2D Array Out`, primarily for interface testing.","Executes a sample measurement that accepts a mix of data types: a scalar `float_input`, an iterable `double_array_input`, a `bool_input`, a `string_input`, a custom `Color` `enum_input`, a `protobuf_enum_input`, and `string_array_in`. The function returns a tuple containing the original inputs and newly created 2D array outputs such as `Double 2D Array Out` and `Converted String 2D Array` for system integration checks.","Performs a data type integrity check by receiving `float_input`, `double_array_input`, `bool_input`, `string_input`, `enum_input`, `protobuf_enum_input`, and `string_array_in`. It echoes back these values along with generated matrix data (`Double 2D Array Out`, `String 2D Array Out`) to verify data handling capabilities.","This T&M utility function processes a diverse set of inputs including `float_input`, `double_array_input`, `bool_input`, `string_input`, `enum_input` (e.g., `Color.RED`), `protobuf_enum_input`, and `string_array_in`. It outputs these along with test-generated `Double 2D Array Out`, `Converted Double 2D Array`, `String 2D Array Out`, and `Converted String 2D Array` to assess data exchange mechanisms."
"/home/sujain/Desktop/dev/matchthecolumn/src/python_examples/sample_measurement/measurement.py","main","verbosity: int","return: None","Entry point for a sample measurement script, controlling logging output with the `verbosity` parameter. Useful for demonstrating data type handling.","Runs the main logic of the sample measurement example, where `verbosity` adjusts the detail of diagnostic messages related to processing various input types.","This function orchestrates the sample measurement test, setting the `verbosity` for runtime information. It showcases input and output parameter mapping.","Top-level function for the sample measurement demonstration. The `verbosity` argument sets the log level for observing data flow and type conversions.","Initializes and executes the sample measurement example, which is designed to test the handling of diverse data types. `verbosity` controls logging detail."
"/home/sujain/Desktop/dev/matchthecolumn/src/python_examples/sample_measurement/measurement.py","cancel_callback","","return: None","A callback function designed to handle cancellation requests during a measurement process. It takes no input parameters and returns None.","This function is invoked when a test sequence or measurement operation needs to be prematurely terminated, ensuring a graceful shutdown.","Provides a mechanism to interrupt an ongoing measurement. This `cancel_callback` is registered and called by the system upon a cancellation signal.","Placeholder or actual implementation for a cancellation event handler. It's triggered to stop a running test or data acquisition.","A simple callback function that signals a stop or cancellation. It has no direct inputs from the measurement flow and produces no direct output values."
"/home/sujain/Desktop/dev/matchthecolumn/src/python_examples/nidaqmx_analog_input/measurement.py","measure","pin_name: str;sample_rate: float;number_of_samples: int","return: tuple[list[float]];acquired_samples: nims.DataType.DoubleArray1D","Acquires a set of analog voltage samples from a specified `pin_name` using NI-DAQmx. The acquisition is configured with a `sample_rate` (in Samples/sec) and a specific `number_of_samples` to collect. Returns the `acquired_samples` as a 1D array of doubles.","This function performs an analog input measurement. It reads `number_of_samples` from the channel connected to `pin_name` at the given `sample_rate`. The output is a tuple containing `acquired_samples`.","Initiates a finite analog data acquisition on the DAQ device. Specifies the input `pin_name`, the `sample_rate` for the ADC, and the `number_of_samples` in the record. The `acquired_samples` are returned for analysis.","Measures analog voltage on a single `pin_name`. Key acquisition parameters are `sample_rate` and `number_of_samples`. The function outputs the `acquired_samples` list.","Configures an NI-DAQmx task to read `number_of_samples` from an analog input `pin_name` at a defined `sample_rate`. The result, `acquired_samples`, is returned as a list of floating-point numbers representing voltage readings."
"/home/sujain/Desktop/dev/matchthecolumn/src/python_examples/nidaqmx_analog_input/measurement.py","_log_measured_values","samples: list[float];max_samples_to_display: int","return: None","Logs a subset of the acquired analog `samples` to the console or log file. The `max_samples_to_display` parameter limits the number of voltage readings printed for brevity.","Utility function to display or record measured voltage `samples`. It prints up to `max_samples_to_display` from the input `samples` list for quick verification or debugging.","Outputs a portion of the measured data. Takes the full list of `samples` and an integer `max_samples_to_display` to control how many data points are shown.","A helper function for logging purposes. It takes the ADC `samples` and `max_samples_to_display` to provide a snapshot of the acquired analog signal.","Prints a limited number of `samples` from an analog input acquisition to aid in debugging or immediate data review, controlled by `max_samples_to_display`."
"/home/sujain/Desktop/dev/matchthecolumn/src/python_examples/nidaqmx_analog_input/measurement.py","main","verbosity: int","return: None","Main execution function for the NI-DAQmx analog input example. The `verbosity` setting controls the level of detail in log messages during the voltage acquisition.","Entry point for demonstrating analog data acquisition using NI-DAQmx. `verbosity` adjusts the amount of runtime information displayed.","Orchestrates the NI-DAQmx analog input measurement process. The `verbosity` parameter dictates the logging output for the data acquisition steps.","Top-level function for the NI-DAQmx analog input example. It uses the `verbosity` input to manage the detail of log messages.","Initializes and runs the NI-DAQmx analog input measurement. `verbosity` controls how much information about the `acquired_samples` and process is logged."
"/home/sujain/Desktop/dev/matchthecolumn/src/python_examples/nidaqmx_analog_input/measurement.py","cancel_callback","","return: None","A callback function triggered to cancel an ongoing NI-DAQmx acquisition task. It does not take specific measurement parameters and returns no data.","Handles cancellation requests for the NI-DAQmx analog input operation, ensuring any active DAQ tasks are properly stopped.","This function provides a clean interruption mechanism for the analog input measurement sequence. Invoked when a cancellation is requested.","A `cancel_callback` specifically for NI-DAQmx. It's responsible for halting the data acquisition process when a stop signal is received.","Simple callback to signal cancellation of the NI-DAQmx measurement. It's parameter-less and does not return a value, focusing on side effects like stopping a task."
"/home/sujain/Desktop/dev/matchthecolumn/src/python_examples/game_of_life/measurement.py","measure","width: int;height: int;update_interval_msec: int;max_generations: int","return: Generator[tuple[xydata_pb2.DoubleXYData, int], None, None];game_of_life: nims.DataType.DoubleXYData;generation: nims.DataType.UInt32","Simulates Conway's Game of Life on a grid of specified `width` and `height`. The simulation progresses for `max_generations`, updating at `update_interval_msec`. Yields `game_of_life` (XY data of live cells) and current `generation` number at each step.","This function runs a Game of Life simulation. It takes grid dimensions (`width`, `height`), refresh rate `update_interval_msec`, and total `max_generations`. The generator returns `game_of_life` cell coordinates and the `generation` count iteratively.","Generates successive states of Conway's Game of Life. Inputs define the board `width` and `height`, the `update_interval_msec` for visualization, and the simulation length `max_generations`. Output per iteration includes `game_of_life` data and the `generation` index.","Performs a cellular automaton simulation (Game of Life). Parameters `width`, `height` set the grid size, `update_interval_msec` controls speed, and `max_generations` defines duration. It yields `game_of_life` (live cell data) and `generation` number.","A T&M style wrapper for simulating Game of Life. It initializes a `width` x `height` board, runs for `max_generations` with an `update_interval_msec`. The `game_of_life` output (XY plot data) and `generation` are yielded for live visualization."
"/home/sujain/Desktop/dev/matchthecolumn/src/python_examples/game_of_life/measurement.py","_initialize_xydata_and_frame","width: int;height: int","return: xydata_pb2.DoubleXYData","Initializes an XY data structure (`xydata_pb2.DoubleXYData`) for representing the Game of Life grid of given `width` and `height`. Used for plotting live cells.","Creates and configures an `xydata_pb2.DoubleXYData` object based on the simulation `width` and `height`. This structure will hold the coordinates of active cells for display.","Helper function to set up the data container for Game of Life visualization. Takes `width` and `height` of the grid and returns an empty `xydata_pb2.DoubleXYData` object.","Prepares the `xydata_pb2.DoubleXYData` frame for the Game of Life visualization, defining its boundaries based on the input `width` and `height`.","Internal function to allocate and initialize the `xydata_pb2.DoubleXYData` structure used to transfer cell coordinates from the simulation with `width` and `height` to a plotting utility."
"/home/sujain/Desktop/dev/matchthecolumn/src/python_examples/game_of_life/measurement.py","_initialize_grid_with_seeded_data","rows: int;cols: int;probability: float","return: Grid","Initializes the Game of Life `Grid` with a specified number of `rows` and `cols`, populating cells randomly based on the given `probability` of a cell being alive.","Creates a new `Grid` of size `rows` by `cols` and seeds it with initial live cells. Each cell has a `probability` of starting alive, used for starting the simulation.","Sets up the initial state of the Game of Life `Grid`. Dimensions are `rows` and `cols`, and `probability` determines the density of the initial random pattern.","Helper to create and populate the game `Grid`. It takes `rows`, `cols` for size, and a `probability` factor to randomly set initial live cells before the simulation starts.","Constructs the initial `Grid` for the Game of Life. The grid has `rows` and `cols`, and cells are activated based on a `probability`, returning the seeded `Grid`."
"/home/sujain/Desktop/dev/matchthecolumn/src/python_examples/game_of_life/measurement.py","_initialize_grid","rows: int;cols: int","return: Grid","Initializes an empty Game of Life `Grid` with a specified number of `rows` and `cols`. All cells are initially dead.","Creates a new `Grid` object with dimensions defined by `rows` and `cols`. This grid is returned with all cell states set to dead, ready for population.","Sets up a blank `Grid` for the Game of Life simulation, with the specified `rows` and `cols`. No cells are alive in this initial state.","Helper function to create an empty game `Grid` of size `rows` x `cols`. This is often a precursor to seeding it with a pattern.","Constructs and returns a `Grid` structure with the given `rows` and `cols`, where every cell's initial state is inactive (dead)."
"/home/sujain/Desktop/dev/matchthecolumn/src/python_examples/game_of_life/measurement.py","_count_neighbors","grid: Grid;row: int;col: int","return: int","Counts the number of live neighbors for a specific cell at (`row`, `col`) within the given `grid`. This is a core rule in Conway's Game of Life.","Calculates and returns the live neighbor count for the cell identified by `row` and `col` coordinates on the input `grid`. Essential for determining the next state of a cell.","Determines how many adjacent cells to the cell at `grid[row][col]` are currently alive. This integer count is used in the Game of Life update logic.","A utility function for the Game of Life simulation. It inspects the 8 surrounding cells of `grid[row][col]` and returns the total count of live ones.","For a given `Grid` and cell coordinates (`row`, `col`), this function returns an integer representing the number of live cells in its Moore neighborhood."
"/home/sujain/Desktop/dev/matchthecolumn/src/python_examples/game_of_life/measurement.py","_update_grid","grid: Grid","return: Grid","Updates the entire Game of Life `grid` to its next generation based on Conway's rules (survival, death, birth). Returns the new `Grid` state.","Calculates the next state of every cell in the input `grid` according to the rules of Game of Life and returns the modified `Grid`.","Applies the Game of Life rules simultaneously to all cells in the current `grid` to produce the `Grid` for the subsequent generation.","This function transitions the provided `grid` to its next iteration. It uses neighbor counts for each cell to determine its new state (alive/dead) and returns the updated `Grid`.","Evolves the game `grid` by one time step (generation). It iterates through each cell, applies the Game of Life rules based on its neighbors, and returns the resulting `Grid`."
"/home/sujain/Desktop/dev/matchthecolumn/src/python_examples/game_of_life/measurement.py","main","verbosity: int","return: None","Main entry point for the Game of Life simulation example. The `verbosity` parameter controls the logging output level during the simulation run.","Executes the Game of Life simulation demonstration. `verbosity` determines how much information about the `generation` and `game_of_life` state is logged.","Orchestrates the Game of Life simulation, setting the `verbosity` for runtime messages. This example showcases iterative data generation.","Top-level function to run the Game of Life simulation. The `verbosity` argument influences the detail of console output regarding the simulation progress.","Initializes and starts the Game of Life simulation. `verbosity` is used to set the logging level for tracking `generation` and `game_of_life` updates."
"/home/sujain/Desktop/dev/matchthecolumn/src/python_examples/nivisa_dmm_measurement/measurement.py","measure","pin_name: str;measurement_type: Function;range: float;resolution_digits: float","return: tuple[float];measured_value: nims.DataType.Double","Performs a measurement using a DMM (Digital Multimeter) accessed via NI-VISA. It targets a `pin_name` (VISA resource name), configures the `measurement_type` (e.g., DC Volts), `range`, and `resolution_digits`. Returns the `measured_value`.","This function controls a VISA-based DMM to take a reading. It specifies the device by `pin_name`, the `measurement_type` (like AC Current), the expected `range` of the signal, and the desired `resolution_digits`. The single `measured_value` is returned.","Initiates a DMM measurement through NI-VISA. Inputs include the instrument's `pin_name`, the `measurement_type` to perform, the input signal `range`, and `resolution_digits` for precision. Outputs the `measured_value` from the DMM.","Measures a signal characteristic using a generic DMM interfaced with NI-VISA. Parameters `pin_name`, `measurement_type`, `range`, and `resolution_digits` define the test. The function returns the `measured_value` as a float.","Configures and queries a DMM via NI-VISA for a specific `measurement_type` (e.g., Resistance) on `pin_name`. The `range` and `resolution_digits` are set for accuracy. The obtained `measured_value` is the primary output."
"/home/sujain/Desktop/dev/matchthecolumn/src/python_examples/nivisa_dmm_measurement/measurement.py","main","verbosity: int","return: None","Main entry point for the NI-VISA DMM measurement example. `verbosity` controls the logging output level during the DMM operation and `measured_value` reporting.","Runs the NI-VISA DMM measurement demonstration. The `verbosity` parameter adjusts the detail of runtime messages concerning the `measurement_type` and result.","Orchestrates the DMM measurement using NI-VISA. The `verbosity` argument sets the logging level for instrument communication and data acquisition steps.","Top-level function for the NI-VISA DMM example. `verbosity` dictates the console output for monitoring the measurement process and the final `measured_value`.","Initializes and executes the NI-VISA based DMM measurement sequence. `verbosity` is used to control the logging detail for the configured `measurement_type` and obtained `measured_value`."
"/home/sujain/Desktop/dev/matchthecolumn/src/python_examples/nidmm_measurement/measurement.py","measure","pin_name: str;measurement_type: Function;range: float;resolution_digits: float","return: tuple[float, bool, float];measured_value: nims.DataType.Double;signal_out_of_range: nims.DataType.Boolean;absolute_resolution: nims.DataType.Double","Performs a measurement using an NI-DMM. It configures the `measurement_type` (e.g., DC Voltage) on the specified `pin_name` (channel), sets the `range` and `resolution_digits`. Returns the `measured_value`, a `signal_out_of_range` flag, and the `absolute_resolution`.","This function utilizes an NI-DMM to acquire a reading. It takes the `pin_name` (DMM channel), `measurement_type`, signal `range`, and `resolution_digits`. Outputs include the `measured_value`, `signal_out_of_range` status, and the effective `absolute_resolution`.","Initiates a measurement with an NI-DMM instrument. Key parameters are `pin_name`, `measurement_type`, input `range`, and desired `resolution_digits`. The function returns a tuple containing the `measured_value`, `signal_out_of_range` boolean, and `absolute_resolution` achieved.","Measures a signal using NI-DMM driver. The `pin_name` identifies the input. `measurement_type`, `range`, and `resolution_digits` configure the acquisition. Results provided are `measured_value`, `signal_out_of_range` indicator, and `absolute_resolution`.","Configures and reads from an NI-DMM. Specifies `pin_name`, `measurement_type` (e.g., Resistance), `range`, and `resolution_digits`. The function outputs the `measured_value`, a `signal_out_of_range` flag, and the actual `absolute_resolution` of the measurement."
"/home/sujain/Desktop/dev/matchthecolumn/src/python_examples/nidmm_measurement/measurement.py","main","verbosity: int","return: None","Main execution function for the NI-DMM measurement example. The `verbosity` setting controls the detail of log messages regarding the `measured_value` and `signal_out_of_range` status.","Entry point for demonstrating NI-DMM capabilities. `verbosity` adjusts the amount of runtime information displayed during the `measurement_type` execution and result logging.","Orchestrates the NI-DMM measurement process. The `verbosity` parameter dictates the logging output for instrument setup, data acquisition, and reporting of `measured_value` and `absolute_resolution`.","Top-level function for the NI-DMM example. It uses the `verbosity` input to manage the detail of log messages related to the measurement and its status (`signal_out_of_range`).","Initializes and runs the NI-DMM measurement. `verbosity` controls how much information about the configured `measurement_type`, `measured_value`, and `absolute_resolution` is logged."
"/home/sujain/Desktop/dev/matchthecolumn/src/python_examples/nidcpower_source_dc_voltage_with_multiplexer/measurement.py","measure","pin_name: str;voltage_level: float;voltage_level_range: float;current_limit: float;current_limit_range: float;source_delay: float","return: tuple[float, float];voltage_measurement: nims.DataType.Double;current_measurement: nims.DataType.Double","Sources a DC voltage on a specified `pin_name` (often a multiplexer channel) using an NI-DCPOWER instrument. Configures `voltage_level`, `voltage_level_range`, `current_limit`, `current_limit_range`, and a `source_delay`. Returns `voltage_measurement` and `current_measurement` from the SMU.","This function controls an NI SMU to output a `voltage_level` on `pin_name`, respecting `voltage_level_range` and `current_limit` (with `current_limit_range`). After `source_delay`, it measures and returns `voltage_measurement` and `current_measurement`.","Initiates a source and measure operation on an NI-DCPOWER SMU, targeting a `pin_name` connected via a multiplexer. Sets `voltage_level` within `voltage_level_range`, `current_limit` within `current_limit_range`, and applies `source_delay`. Outputs are sensed `voltage_measurement` and `current_measurement`.","Applies a DC stimulus (`voltage_level`, `current_limit`) to a DUT through `pin_name` using NI-DCPOWER. Parameters `voltage_level_range`, `current_limit_range`, and `source_delay` fine-tune the operation. The function reads back `voltage_measurement` and `current_measurement`.","Configures an NI-DCPOWER supply to source `voltage_level` on `pin_name` with specified `voltage_level_range`, `current_limit`, `current_limit_range`, and `source_delay`. It then performs a sense operation, returning `voltage_measurement` and `current_measurement`."
"/home/sujain/Desktop/dev/matchthecolumn/src/python_examples/nidcpower_source_dc_voltage_with_multiplexer/measurement.py","_wait_for_nidcpower_event","channels: nidcpower.session._SessionBase;cancellation_event: threading.Event;event_id: nidcpower.enums.Event;timeout: float","return: None","Waits for a specific `event_id` (e.g., SourceComplete) to be signaled by the NI-DCPOWER `channels`. Monitors a `cancellation_event` and respects a `timeout` to prevent indefinite blocking during SMU operation.","A synchronization utility for NI-DCPOWER. It pauses execution until the specified `event_id` occurs on the given `channels`, or a `cancellation_event` is set, or the `timeout` expires. Ensures SMU events are processed.","Blocks program flow until an NI-DCPOWER `event_id` is received from the instrument `channels`. Includes `cancellation_event` handling and a `timeout` mechanism for robust SMU sequence control.","This helper function polls the NI-DCPOWER `channels` for a particular `event_id`. It incorporates a `cancellation_event` for interruption and a `timeout` for SMU operations that might hang.","Manages waiting for NI-DCPOWER instrument `channels` to signal an `event_id`. The wait is interruptible by a `cancellation_event` and bounded by a `timeout`, crucial for synchronized SMU test steps."
"/home/sujain/Desktop/dev/matchthecolumn/src/python_examples/nidcpower_source_dc_voltage_with_multiplexer/measurement.py","main","verbosity: int","return: None","Main entry for an NI-DCPOWER example, sourcing DC voltage possibly through a multiplexer. `verbosity` adjusts logging for `voltage_measurement` and `current_measurement`.","Runs the NI-DCPOWER SMU demonstration, focusing on sourcing `voltage_level` and reading back `voltage_measurement` and `current_measurement`. `verbosity` controls log detail.","Orchestrates an NI-DCPOWER test, setting `voltage_level` and `current_limit`. `verbosity` manages output for SMU operations and resulting `voltage_measurement`, `current_measurement`.","Top-level function for the NI-DCPOWER with multiplexer example. `verbosity` influences logging of SMU configuration (`voltage_level_range`, `current_limit_range`) and measurements.","Initializes and executes an NI-DCPOWER voltage sourcing task. `verbosity` sets logging for the applied `voltage_level`, `source_delay`, and the `voltage_measurement` and `current_measurement` feedback."
"/home/sujain/Desktop/dev/matchthecolumn/src/python_examples/niswitch_control_relays/measurement.py","measure","relay_names: str;close_relays: bool","return: tuple[()]","Controls relays on an NI-SWITCH device. It takes a string of `relay_names` (e.g., 'k0,k1') and a boolean `close_relays` to either connect (True) or disconnect (False) the specified paths. Returns an empty tuple on completion.","This function manages NI-SWITCH relay states. Based on the `close_relays` flag, it either closes or opens the relays listed in `relay_names`. Used for configuring signal paths in an ATE system.","Operates relays on an NI switch module. The `relay_names` parameter identifies the target relays, and `close_relays` determines the action (close if True, open if False). Confirms operation with a tuple return.","A T&M function for NI-SWITCH relay manipulation. It parses `relay_names` and applies the state defined by `close_relays` (True for connect, False for disconnect) to each specified relay.","Sets the state of specified `relay_names` on an NI-SWITCH. If `close_relays` is true, paths are connected; otherwise, they are opened. Essential for routing test signals."
"/home/sujain/Desktop/dev/matchthecolumn/src/python_examples/niswitch_control_relays/measurement.py","main","verbosity: int","return: None","Main entry point for the NI-SWITCH relay control example. `verbosity` controls the logging level for messages about `relay_names` and their states (`close_relays`).","Executes the NI-SWITCH relay control demonstration. The `verbosity` parameter adjusts the detail of runtime messages regarding relay operations on `relay_names`.","Orchestrates the NI-SWITCH example, which demonstrates controlling `relay_names`. The `verbosity` argument sets the logging level for the switch operations.","Top-level function to run the NI-SWITCH relay control test. `verbosity` input influences the console output detail for relay connection/disconnection actions.","Initializes and runs the NI-SWITCH control sequence. `verbosity` is used to set the desired level of logging for actions performed on `relay_names` based on `close_relays`."
"/home/sujain/Desktop/dev/matchthecolumn/src/python_examples/nidcpower_source_dc_voltage/measurement.py","measure","pin_names: Iterable[str];voltage_level: float;voltage_level_range: float;current_limit: float;current_limit_range: float;source_delay: float","return: tuple[list[int], list[str], list[float], list[float], list[bool]];measurement_sites: nims.DataType.Int32Array1D;measurement_pin_names: nims.DataType.StringArray1D;voltage_measurements: nims.DataType.DoubleArray1D;current_measurements: nims.DataType.DoubleArray1D;in_compliance: nims.DataType.BooleanArray1D","Sources a DC `voltage_level` on multiple `pin_names` using NI-DCPOWER. Configures `voltage_level_range`, `current_limit`, `current_limit_range`, and `source_delay`. Returns `measurement_sites`, `measurement_pin_names`, `voltage_measurements`, `current_measurements`, and `in_compliance` status for each pin.","This SMU function applies a `voltage_level` to a list of `pin_names`. It sets `voltage_level_range`, `current_limit` (with `current_limit_range`), and `source_delay`. Outputs include per-pin `voltage_measurements`, `current_measurements`, `in_compliance` flags, along with `measurement_sites` and `measurement_pin_names`.","Performs a multi-channel DC voltage sourcing and measurement with NI-DCPOWER. Inputs `pin_names`, `voltage_level`, `voltage_level_range`, `current_limit`, `current_limit_range`, `source_delay`. Outputs detailed results: `measurement_sites`, `measurement_pin_names`, `voltage_measurements`, `current_measurements`, `in_compliance`.","Drives multiple `pin_names` with a specified `voltage_level` and `current_limit` using an NI SMU. Parameters `voltage_level_range`, `current_limit_range`, `source_delay` apply. Collects and returns `voltage_measurements`, `current_measurements`, and `in_compliance` status for all `measurement_sites` and `measurement_pin_names`.","Configures NI-DCPOWER to source `voltage_level` across `pin_names`. Settings include `voltage_level_range`, `current_limit`, `current_limit_range`, and `source_delay`. It then measures and returns arrays of `voltage_measurements`, `current_measurements`, and `in_compliance` states, correlated by `measurement_sites` and `measurement_pin_names`."
"/home/sujain/Desktop/dev/matchthecolumn/src/python_examples/nidcpower_source_dc_voltage/measurement.py","_wait_for_event","channels: nidcpower.session._SessionBase;cancellation_event: threading.Event;event_id: nidcpower.enums.Event;timeout: float","return: None","Waits for a specific NI-DCPOWER `event_id` (e.g., SourceComplete) on the provided instrument `channels`. Handles `cancellation_event` and a `timeout` for robust SMU sequencing.","Synchronization primitive for NI-DCPOWER `channels`. Pauses until `event_id` is detected, or `cancellation_event` occurs, or `timeout` is reached. Ensures SMU operations are correctly timed.","Blocks until an NI-DCPOWER `event_id` is signaled by the `channels`. Incorporates `cancellation_event` and `timeout` for reliable control flow in SMU test programs.","Helper function to monitor NI-DCPOWER `channels` for a given `event_id`. Allows interruption via `cancellation_event` and prevents indefinite wait with a `timeout`. Critical for SMU event handling.","Manages waiting for NI-DCPOWER `channels` to emit a specific `event_id`. The wait can be cut short by `cancellation_event` or `timeout`, essential for synchronized multi-channel SMU tests."
"/home/sujain/Desktop/dev/matchthecolumn/src/python_examples/nidcpower_source_dc_voltage/measurement.py","_log_measurements","measured_sites: Iterable[int];measured_pins: Iterable[str];measured_values: Iterable[_Measurement]","return: None","Logs detailed SMU measurement results. Iterates through `measured_sites`, `measured_pins`, and corresponding `measured_values` (containing voltage and current) for display or recording.","Utility to output NI-DCPOWER measurement data. It takes `measured_sites`, `measured_pins`, and the `measured_values` (which include voltage/current pairs) and formats them for logging.","Displays or records the results from an NI-DCPOWER operation. It processes lists of `measured_sites`, `measured_pins`, and their associated `measured_values` (voltage and current readings).","A helper function for reporting SMU data. It takes `measured_sites`, `measured_pins` and the structured `measured_values` to provide a comprehensive log of the sourcing/measuring operation.","Prints or saves detailed feedback from NI-DCPOWER. Inputs are iterables of `measured_sites`, `measured_pins`, and `measured_values` (each item containing voltage and current). Useful for debugging multi-site tests."
"/home/sujain/Desktop/dev/matchthecolumn/src/python_examples/nidcpower_source_dc_voltage/measurement.py","main","verbosity: int","return: None","Main entry for NI-DCPOWER DC voltage source example. `verbosity` controls logging of `voltage_measurements`, `current_measurements`, and `in_compliance` status.","Runs the NI-DCPOWER SMU demonstration for sourcing `voltage_level` across multiple `pin_names`. `verbosity` adjusts log detail for `voltage_measurements` and `current_measurements`.","Orchestrates an NI-DCPOWER test, setting `voltage_level` and `current_limit` for `pin_names`. `verbosity` manages output for SMU operations and results like `in_compliance`.","Top-level function for NI-DCPOWER multi-channel voltage sourcing. `verbosity` influences logging of settings (`voltage_level_range`) and per-pin `voltage_measurements`.","Initializes and executes an NI-DCPOWER voltage sourcing task on `pin_names`. `verbosity` sets logging detail for `voltage_level`, `source_delay`, and the arrays of `voltage_measurements`, `current_measurements`, and `in_compliance`."
"/home/sujain/Desktop/dev/matchthecolumn/src/python_examples/output_voltage_measurement/measurement.py","measure","voltage_level: float;voltage_level_range: float;current_limit: float;current_limit_range: float;source_delay: float;input_pin: str;measurement_type: _visa_dmm.Function;range: float;resolution_digits: float;output_pin: str","return: tuple[float];measured_value: nims.DataType.Double","Performs a sequence of sourcing voltage on `output_pin` using NI-DCPOWER and then measuring voltage on `input_pin` using a VISA DMM. Configures DC Power with `voltage_level`, `voltage_level_range`, `current_limit`, `current_limit_range`, `source_delay`. Configures DMM with `measurement_type`, `range`, `resolution_digits`. Returns the DMM's `measured_value`.","This function coordinates an SMU (NI-DCPOWER) and a DMM (VISA). It sources `voltage_level` on `output_pin` with specified `current_limit` and `source_delay`. Then, it uses the DMM on `input_pin` to get a `measured_value` based on `measurement_type`, `range`, and `resolution_digits`.","Executes a source-measure test: NI-DCPOWER applies `voltage_level` (params: `voltage_level_range`, `current_limit`, `current_limit_range`, `source_delay`) to `output_pin`. A VISA DMM then reads `input_pin` (params: `measurement_type`, `range`, `resolution_digits`), returning the `measured_value`.","Stimulates `output_pin` with `voltage_level` (NI-DCPOWER, with `current_limit`, `source_delay`) and measures response on `input_pin` using a VISA DMM (`measurement_type`, `range`, `resolution_digits`). The key output is `measured_value`.","A combined T&M operation: first, NI-DCPOWER sources `voltage_level` on `output_pin` (configured by `voltage_level_range`, `current_limit`, `current_limit_range`, `source_delay`). Second, a VISA DMM measures `input_pin` using `measurement_type`, `range`, `resolution_digits`, yielding `measured_value`."
"/home/sujain/Desktop/dev/matchthecolumn/src/python_examples/output_voltage_measurement/measurement.py","_wait_for_nidcpower_event","channels: nidcpower.session._SessionBase;cancellation_event: threading.Event;event_id: nidcpower.enums.Event;timeout: float","return: None","Waits for a specific `event_id` from NI-DCPOWER `channels` (e.g., SourceComplete). Includes `cancellation_event` support and a `timeout` to ensure SMU sequence stability.","A utility to synchronize with NI-DCPOWER instrument `channels`. It pauses until the given `event_id` occurs, a `cancellation_event` is triggered, or the `timeout` elapses. Used after initiating SMU operations.","Blocks execution pending an NI-DCPOWER `event_id` on the specified `channels`. This function handles `cancellation_event` and `timeout` for robust interaction with the SMU.","Helper function that polls NI-DCPOWER `channels` for an `event_id`. Features `cancellation_event` for early exit and `timeout` to prevent deadlocks in SMU communication.","Manages waiting for an NI-DCPOWER `event_id` from `channels`. The wait is bounded by `timeout` and can be interrupted by `cancellation_event`, crucial for reliable SMU control flow."
"/home/sujain/Desktop/dev/matchthecolumn/src/python_examples/output_voltage_measurement/measurement.py","main","verbosity: int","return: None","Main entry for an output voltage measurement example, combining NI-DCPOWER and VISA DMM. `verbosity` controls logging for sourcing `voltage_level` and the DMM's `measured_value`.","Runs a demonstration of sourcing with NI-DCPOWER on `output_pin` and measuring with a VISA DMM on `input_pin`. `verbosity` adjusts log detail for `voltage_level`, `measurement_type`, and `measured_value`.","Orchestrates a test involving NI-DCPOWER to set `voltage_level` and a VISA DMM for `measurement_type`. `verbosity` manages logging of the process and the final `measured_value`.","Top-level function for the output voltage measurement sequence. `verbosity` influences logging of SMU parameters (`current_limit`), DMM settings (`range`), and the resulting `measured_value`.","Initializes and executes a source (NI-DCPOWER `output_pin`, `voltage_level`) and measure (VISA DMM `input_pin`, `measurement_type`) operation. `verbosity` sets logging detail."